{
  "Low": {
    "precision": 0.7886178861788617,
    "recall": 0.7348484848484849,
    "f1-score": 0.7607843137254902,
    "support": 132.0
  },
  "Medium": {
    "precision": 0.5310344827586206,
    "recall": 0.5833333333333334,
    "f1-score": 0.555956678700361,
    "support": 132.0
  },
  "High": {
    "precision": 0.7651515151515151,
    "recall": 0.7426470588235294,
    "f1-score": 0.753731343283582,
    "support": 136.0
  },
  "accuracy": 0.6875,
  "macro avg": {
    "precision": 0.6949346280296659,
    "recall": 0.6869429590017826,
    "f1-score": 0.6901574452364777,
    "support": 400.0
  },
  "weighted avg": {
    "precision": 0.6956367969008843,
    "recall": 0.6875,
    "f1-score": 0.6907931842169488,
    "support": 400.0
  }
}